<?xml version="1.0"?>
<!DOCTYPE hibernate-mapping PUBLIC "-//Hibernate/Hibernate Mapping DTD 3.0//EN"
"http://hibernate.sourceforge.net/hibernate-mapping-3.0.dtd">
<!-- Generated 26-mar-2013 19:48:29 by Hibernate Tools 3.2.1.GA -->
<hibernate-mapping>
    <class name="model.Rolmenu" table="rolmenu" catalog="aprendiendojsf">
        <id name="id" type="java.lang.Integer">
            <column name="id" />
            <generator class="identity" />
        </id>
        <many-to-one name="menu" class="model.Menu" fetch="select">
            <column name="menu_id" not-null="true" />
        </many-to-one>
        <many-to-one name="rol" class="model.Rol" fetch="select">
            <column name="rol_id" not-null="true" />
        </many-to-one>
    </class>
</hibernate-mapping>
