<?xml version="1.0"?>
<!DOCTYPE hibernate-mapping PUBLIC "-//Hibernate/Hibernate Mapping DTD 3.0//EN"
"http://hibernate.sourceforge.net/hibernate-mapping-3.0.dtd">
<!-- Generated 26-mar-2013 19:48:29 by Hibernate Tools 3.2.1.GA -->
<hibernate-mapping>
    <class name="model.Usuario" table="usuario" catalog="aprendiendojsf">
        <id name="id" type="java.lang.Integer">
            <column name="id" />
            <generator class="identity" />
        </id>
        <many-to-one name="rol" class="model.Rol" fetch="select">
            <column name="rol_id" not-null="true" />
        </many-to-one>
        <property name="usuario" type="string">
            <column name="usuario" length="30" not-null="true" />
        </property>
        <property name="clave" type="string">
            <column name="clave" length="32" not-null="true" />
        </property>
        <property name="email" type="string">
            <column name="email" length="60" not-null="true" />
        </property>
        <property name="estado" type="java.lang.Boolean">
            <column name="estado" />
        </property>
        <property name="usuariocreacion" type="string">
            <column name="usuariocreacion" length="25" not-null="true" />
        </property>
        <property name="fechacreacion" type="timestamp">
            <column name="fechacreacion" length="19" not-null="true" />
        </property>
        <property name="usuariomodificacion" type="string">
            <column name="usuariomodificacion" length="25" />
        </property>
        <property name="fechamodificacion" type="timestamp">
            <column name="fechamodificacion" length="19" />
        </property>
    </class>
</hibernate-mapping>
